{
    "λόγος": "λογ",
    "φιλοσοφία": "φιλο + σοφ",
    "γραφή": "γραφ",
    "γράμμα": "γραφ",
    "ἐπιστήμη": "ἐπι + στη",
    "θεός": "θε",
    "γένεσις": "γεν",
    "δύναμις": "δυναμ",
    "ἀνθρώπος": "ἀνθρωπ",
    "βιβλίον": "βιβλ",
    "δημοκρατία": "δημ + κρατ",
    "ἱστορία": "ἱστορ",
    "μάθημα": "μαθ",
    "μουσική": "μουσ",
    "ποιητής": "ποιε",
    "σοφία": "σοφ",
    "τέχνη": "τεχ",
    "τύραννος": "τυραν",
    "φιλία": "φιλε",
    "χρόνος": "χρον",
    "ἀγορά": "ἀγορ",
    "ἀρχή": "ἀρχ",
    "αἴσθησις": "αἰσθ",
    "γλῶσσα": "γλωσσ",
    "ζῷον": "ζῳ",
    "κόσμος": "κοσμ",
    "νοῦς": "νο",
    "ὅρκος": "ὁρκ",
    "παράδεισος": "παραδεισ",
    "ῥήτωρ": "ῥητ",
    "συμφωνία": "συν + φων",
    "τραγῳδία": "τραγ + ᾠδ",
    "ὕδωρ": "ὑδρ",
    "φαίνω": "φαιν",
    "ψυχή": "ψυχ",
    "ἀρετή": "ἀρετ",
    "ἀλήθεια": "ἀληθ",
    "ἀριθμός": "ἀριθμ",
    "βασιλεύς": "βασιλ",
    "δεσπότης": "δεσποτ",
    "δικαιοσύνη": "δικαι",
    "δόξα": "δοκ",
    "ἑορτή": "ἑορτ",
    "ἥλιος": "ἡλι",
    "θεραπεία": "θεραπ",
    "καρδία": "καρδ",
    "κράτος": "κρατ",
    "λιμήν": "λιμ",
    "μέτρον": "μετρ",
    "ναῦς": "ναυ",
    "οἰκία": "οἰκ",
    "πάθος": "παθ",
    "παῖς": "παιδ",
    "πολιτεία": "πολιτ",
    "πόλεμος": "πολεμ",
    "πόλις": "πολ",
    "πῦρ": "πυρ",
    "ῥυθμός": "ῥυθμ",
    "σχολή": "σχολ",
    "στρατός": "στρατ",
    "τάξις": "ταξ",
    "τόπος": "τοπ",
    "τύχη": "τυχ",
    "ὕλη": "ὑλ",
    "φάος": "φα",
    "φίλος": "φιλ",
    "φόβος": "φοβ",
    "χάρις": "χαρ",
    "χειμών": "χειμ",
    "χρῆμα": "χρημ",
    "χρησμός": "χρησ",
    "ὠδὴ": "ᾠδ",
    "ἀγών": "ἀγ",
    "αἰτία": "αἰτ",
    "ἀκούω": "ἀκου",
    "ἀκριβής": "ἀκριβ",
    "ἀλγός": "ἀλγ",
    "ἀναγνώρισις": "γνώρ",
    "ἄρτος": "ἀρτ",
    "βλέπω": "βλεπ",
    "γαστήρ": "γαστρ",
    "γίγνομαι": "γεν",
    "γνωρίζω": "γνωρ",
    "δάκρυον": "δακρυ",
    "δεῖπνον": "δειπν",
    "δίκαιος": "δικ",
    "δοκέω": "δοκ",
    "εἰκών": "εἰκ",
    "ἔλαιον": "ἐλαι",
    "ἔπος": "ἐπ",
    "ἐργάζομαι": "ἐργ",
    "ἔρως": "ἐρω",
    "εὐτυχία": "εὐ + τυχ",
    "ζῆλος": "ζηλ",
    "ἡμέρα": "ἡμερ",
    "θερμός": "θερμ",
    "ἰατρός": "ἰατρ",
    "καθεύδω": "καθευδ",
    "κάλλος": "καλλ",
    "κίνδυνος": "κινδυν",
    "κρατέω": "κρατ",
    "κρίσις": "κρι",
    "λεξικόν": "λεξ",
    "μαρτυρία": "μαρτυρ",
    "μνήμη": "μνημ",
    "νόμος": "νομ",
    "ὀδύνη": "ὀδυν",
    "παραβολή": "παραβολ",
    "πεδίον": "πεδ",
    "ποταμός": "ποταμ",
    "προφήτης": "προ + φη",
    "ῥίζα": "ῥιζ",
    "σάκος": "σακ",
    "σελήνη": "σελην",
    "σοφός": "σοφ",
    "σύνεσις": "συν + εσ",
    "τεῖχος": "τειχ",
    "τοξεύω": "τοξ",
    "ὑπομονή": "ὑπο + μον",
    "χειρ": "χειρ",
    "ψαλμός": "ψαλμ",
    "ψεύδος": "ψευδ",
    "ὥρα": "ὡρ",
    "βίος": "βι",
    "γαλήνη": "γαλην",
    "ἔρημος": "ἐρημ",
    "θαυμάζω": "θαυμα",
    "μαγεία": "μαγ",
    "νεκρός": "νεκρ",
    "ξενοδοχεῖον": "ξενο + δοχ",
    "περιστερά": "περιστερ",
    "συμβουλή": "συν + βουλ",
    "φρόνησις": "φρον",
    "χαρμονή": "χαρ + μον",
    "ψιθυρίζω": "ψιθυρ",
    "ἄγγελος": "ἀγγελ",
    "ἀγαθός": "ἀγαθ",
    "ἀγνοέω": "ἀγν",
    "ἀγορεύω": "ἀγορ",
    "ἀδελφός": "ἀδελφ",
    "ἄθλον": "ἀθλ",
    "αἰδώς": "αἰδ",
    "αἰθήρ": "αἰθ",
    "αἰχμή": "αἰχμ",
    "ἀκμή": "ἀκμ",
    "ἄκων": "ἀκον",
    "ἄλγος": "ἀλγ",
    "ἄλλος": "ἀλλ",
    "ἅλς": "ἁλ",
    "ἅμα": "ἁμ",
    "ἄμπελος": "ἀμπελ",
    "ἀμφί": "ἀμφ",
    "ἀνδρεία": "ἀνδρ",
    "ἀνέμος": "ἀνεμ",
    "ἀντίθετος": "ἀντι + θετ",
    "ἄνθρωπος": "ἀνθρωπ",
    "ἄξιος": "ἀξ",
    "ἄπειρος": "ἀπειρ",
    "ἀπολλύω": "ἀπολ",
    "ἀργύριον": "ἀργυρ",
    "ἄρμα": "ἀρμ",
    "ἀρχαῖος": "ἀρχ",
    "ἄστρον": "ἀστρ",
    "ἀσφάλεια": "ἀσφαλ",
    "ἀτμός": "ἀτμ",
    "βασιλεία": "βασιλ",
    "βία": "βι",
    "βοή": "βοη",
    "βούλομαι": "βουλ",
    "βραχύς": "βραχ",
    "γεωργός": "γεωργ",
    "γῆρας": "γηρ",
    "γλυκύς": "γλυκ",
    "γνόφος": "γνοφ",
    "γράφω": "γραφ",
    "δέρμα": "δερμ",
    "δήμος": "δημ",
    "διάνοια": "δια + νο",
    "διδαχή": "διδαχ",
    "δοῦλος": "δουλ",
    "δράκων": "δρακ",
    "δύναμαι": "δυναμ",
    "δῶρον": "δωρ",
    "ἐγώ": "ἐγ",
    "εἶδος": "εἰδ",
    "εἰρήνη": "εἰρην",
    "ἔκλειψις": "ἐκ + λειπ",
    "ἑλληνικός": "ἑλλην",
    "ἕλκος": "ἑλκ",
    "ἔννοια": "ἐν + νο",
    "ἐξουσία": "ἐξουσ",
    "ἐπιθυμία": "ἐπι + θυμ",
    "ἔργον": "ἐργ",
    "ἑρμηνεύω": "ἑρμην",
    "ἐστιν": "ἐσ",
    "εὐγενής": "εὐ + γεν",
    "εὐδαιμονία": "εὐ + δαιμον",
    "εὐνομία": "εὐ + νομ",
    "ζώνη": "ζων",
    "ζωή": "ζω",
    "θαυμαστός": "θαυμα",
    "θάνατος": "θαν",
    "θύρα": "θυρ",
    "ἰδέα": "ἰδε",
    "ἱερός": "ἱερ",
    "ἱστορέω": "ἱστορ",
    "καθολικός": "καθολ",
    "κακοδαίμων": "κακο + δαιμον",
    "καλοκαγαθία": "καλο + ἀγαθ",
    "κάτοπτρον": "κατοπτρ",
    "κηρύττω": "κηρυκ",
    "κλέος": "κλε",
    "κοινωνία": "κοινων",
    "κύκλος": "κυκλ",
    "λέγω": "λεγ",
    "λειτουργία": "λειτουργ",
    "λευκός": "λευκ",
    "λύπη": "λυπ",
    "μαγικός": "μαγ",
    "μανία": "μαν",
    "μαρτύριον": "μαρτυρ",
    "μέθοδος": "μεθ + ὁδ",
    "μέλος": "μελ",
    "μέσος": "μεσ",
    "μεταφορά": "μετα + φορ",
    "μήν": "μην",
    "μίμησις": "μιμ",
    "νίκη": "νικ",
    "νόσος": "νοσ",
    "οἶκος": "οἰκ",
    "ὀνομασία": "ὀνομ",
    "ὄργανον": "ὀργαν",
    "ὀσμή": "ὀσμ",
    "παλαιός": "παλ",
    "πατήρ": "πατρ",
    "παῦσις": "παυ",
    "πειρατής": "πειρ",
    "πέτρα": "πετρ",
    "πρεσβύτερος": "πρεσβ",
    "πρόβλημα": "προ + βαλλ",
    "πρόγονος": "προ + γεν",
    "πρόσωπον": "προ + ὀπ",
    "πταίω": "πται",
    "ῥητορική": "ῥητ",
    "σαρκικός": "σαρκ",
    "σκοπός": "σκοπ",
    "σπερματικός": "σπερμ",
    "στατικός": "στατ",
    "στέφανος": "στεφαν",
    "στρατηγός": "στρατ",
    "σύναξις": "συν + ἀγ",
    "σύνδεσμος": "συν + δεσμ",
    "σύστημα": "συν + στα",
    "τειχίζω": "τειχ",
    "τελετή": "τελετ",
    "τίμη": "τιμ",
    "τοξότης": "τοξ",
    "τρόπος": "τροπ",
    "τύπος": "τυπ",
    "ὑγρός": "ὑγρ",
    "ὑποκρίνομαι": "ὑπο + κρι",
    "χείρ": "χειρ",
    "Ἀγάθων": "ἀγαθ",
    "ἀγγελία": "ἀγγελ",
    "ἀγγέλλω": "ἀγγελ",
    "ἄγλις": "ἀγλ",
    "ἀγοράζω": "ἀγορ",
    "ἀγορανόμος": "ἀγορ + νομ",
    "ἀγρός": "ἀγρ",
    "ἀγωνίζομαι": "ἀγ",
    "ἄδειπνος": "δειπν",
    "ᾄδω": "ἀειδ",
    "ἀθάνατος": "ἀ + θαν",
    "Ἅιδης": "ᾍδ",
    "ἀκρίς": "ἀκρι",
    "ἀλώπηξ": "ἀλωπ",
    "ἀμβροσία": "ἀμβροσ",
    "ἀνδράριον": "ἀνδρ",
    "ἄνθραξ": "ἀνθρακ",
    "ἀποθνῄσκω": "θαν",
    "ἀσπίς": "ἀσπ",
    "ἀστεῖος": "ἀστ",
    "ἄστυ": "ἀστ",
    "αὐλός": "αὐλ",
    "Ἀφροδίτη": "ἀφρο + διτ",
    "βαρβαρικός": "βαρβαρ",
    "βοάω": "βοη",
    "βωμός": "βωμ",
    "δαίμων": "δαιμον",
    "Διονύσια": "Διονυσ",
    "ἔθνος": "ἐθ",
    "ἱερεύς": "ἱερ",
    "μνημεῖον": "μνημ",
    "ὄνομα": "ὀνομ",
    "ἐραστής": "ἐρ-",
    "κυκλοβορέω": "κυκλ- + βορε-",
    "Χύτροι": "χυτρ-",
    "λαγώς": "λαγ-",
    "σπένδω": "σπενδ-",
    "Φιλοκτήτης": "φιλο- + κτ-",
    "ναυμαχέω": "ναυ- + μαχ-",
    "ἐπίτριπτος": "ἐπι- + τριβ-",
    "σφενδάμνινος": "σφενδ-",
    "γοργολόφας": "γοργ- + λοφ-",
    "ποθέω": "ποθ-",
    "ἀστείος": "ἀστ-",
    "μηχανή": "μηχ-",
    "Στράτων": "στρατ-",
    "κάδος": "καδ-",
    "δραχμή": "δραχ-",
    "ὄρθιος": "ὀρθ-",
    "κρίβανος": "κρίβαν-",
    "ἐξοπτάω": "ἐξ- + ὀπτ-",
    "ἀγροιώτης": "ἀγρο-",
    "ὑπώπιος": "ὑπο- + ὤψ",
    "θωρήσσω": "θωρα-",
    "τραγωιδοδιδάσκαλος": "τραγ- + ᾠδ- + διδασκ-",
    "πολεμιστήριος": "πολεμ-",
    "ὑβρίζω": "ὑβρ-",
    "ἀφύη": "ἀφ-",
    "τάλαντον": "ταλαν-",
    "διαμινυρίζομαι": "μινυρ-",
    "βδελυρός": "βδελυρ-",
    "Θάσιος": "Θασ-",
    "ἀποψωλέω": "ψωλ-",
    "βάρβαρος": "βάρβ-",
    "διδάσκαλος": "διδασκ-",
    "ῥῆσις": "ῥη-",
    "κακορροθέω": "κακ- + ῥοθ-",
    "Μόρυχος": "Μορυχ-",
    "μολυνοπραγμονέομαι": "μολυν- + πραγμ-",
    "καταπύγων": "κατα- + πυγ-",
    "τράγημα": "τραγ-",
    "ὀρίγανος": "ὀριγ-",
    "Αἰσχύλος": "Αἰσχυλ-",
    "σκευάζω": "σκευ-",
    "κατατρώγω": "κατα- + τρωγ-",
    "Διόνυσος": "Δι- + Νυσ-",
    "νῆττα": "νῆτ-",
    "λεκάνη": "λεκαν-",
    "πατρίς": "πατρ-",
    "ἄμυλος": "ἀμυλ-",
    "πρεσβεύω": "πρεσβ-",
    "δεῖνα": "δειν-",
    "μέλι": "μελ-",
    "βομβάξ": "βομβ-",
    "συμπότης": "συν- + ποτ-",
    "χοῖρος": "χοιρ-",
    "ἔτνος": "ἐτν-",
    "ἐκκλησιάζω": "ἐκ- + κλησ-",
    "εὐωχία": "εὐ- + ὠχ-",
    "θρῖον": "θρι-",
    "καταπίνω": "κατα- + πιν-",
    "λιμός": "λιμ-",
    "κράζω": "κραγ-",
    "πυκτίς": "πυκτ-",
    "φαλλός": "φαλλ-",
    "χύτρα": "χυτρ-",
    "ἴτριον": "ἴτρ-",
    "κολοιός": "κολοι-",
    "ὅπλον": "ὁπλ-",
    "συγγραφή": "συν- + γραφ-",
    "Παύσων": "Παυ-"
}